,pca-2d-one,pca-2d-two,Type,image_name
0,15.1850395,-4.498637,Artifact,/mnt/data/QC_raw_images/Madhavi/Out_of_focus/final/Model1807/train/Artifacts/POLANDTMA_R01_V01_MEL07_MDA_S20M7_DAPI00.tiff
1,-10.954365,-6.7158895,Artifact,/mnt/data/QC_raw_images/Madhavi/Out_of_focus/final/Model1807/train/Artifacts/DLBCL13_R20_V01_DLBCL_LM_S10M2_DAPI00.tiff
2,-22.565115,-3.901455,Artifact,/mnt/data/QC_raw_images/Madhavi/Out_of_focus/final/Model1807/train/Artifacts/DLBCL13_R20_V01_DLBCL_LM_S12M6_DAPI0512.tiff
3,-8.830813,-7.6765747,Artifact,/mnt/data/QC_raw_images/Madhavi/Out_of_focus/final/Model1807/train/Artifacts/DLBCL13_R20_V01_DLBCL_LM_S12M8_DAPI01024.tiff
4,-28.816055,-0.3541096,Artifact,/mnt/data/QC_raw_images/Madhavi/Out_of_focus/final/Model1807/train/Artifacts/DLBCL13_R20_V01_DLBCL_LM_S13M3_DAPI00.tiff
5,-24.189241,-1.5549686,Artifact,/mnt/data/QC_raw_images/Madhavi/Out_of_focus/final/Model1807/train/Artifacts/DLBCL13_R20_V01_DLBCL_LM_S13M3_DAPI5120.tiff
6,-29.973532,-0.22589305,Artifact,/mnt/data/QC_raw_images/Madhavi/Out_of_focus/final/Model1807/train/Artifacts/DLBCL13_R20_V01_DLBCL_LM_S17M3_DAPI00.tiff
7,-10.052417,-5.4164934,Artifact,/mnt/data/QC_raw_images/Madhavi/Out_of_focus/final/Model1807/train/Artifacts/DLBCL13_R20_V01_DLBCL_LM_S1M7_DAPI5121536.tiff
8,-21.682531,0.7985806,Artifact,/mnt/data/QC_raw_images/Madhavi/Out_of_focus/final/Model1807/train/Artifacts/DLBCL13_R20_V01_DLBCL_LM_S23M5_DAPI10240.tiff
9,-9.398219,-4.6607575,Artifact,/mnt/data/QC_raw_images/Madhavi/Out_of_focus/final/Model1807/train/Artifacts/DLBCL13_R20_V01_DLBCL_LM_S23M6_DAPI0512.tiff
10,-18.73831,-4.7952185,Artifact,/mnt/data/QC_raw_images/Madhavi/Out_of_focus/final/Model1807/train/Artifacts/DLBCL13_R20_V01_DLBCL_LM_S24M1_DAPI01536.tiff
11,-47.852596,6.8429956,Artifact,/mnt/data/QC_raw_images/Madhavi/Out_of_focus/final/Model1807/train/Artifacts/DLBCL13_R20_V01_DLBCL_LM_S24M4_DAPI00.tiff
12,-41.161583,4.063765,Artifact,/mnt/data/QC_raw_images/Madhavi/Out_of_focus/final/Model1807/train/Artifacts/DLBCL13_R20_V01_DLBCL_LM_S36M6_DAPI01024.tiff
13,-5.04643,-7.60629,Artifact,/mnt/data/QC_raw_images/Madhavi/Out_of_focus/final/Model1807/train/Artifacts/DLBCL13_R20_V01_DLBCL_LM_S38M1_DAPI00.tiff
14,-15.22261,-4.9093876,Artifact,/mnt/data/QC_raw_images/Madhavi/Out_of_focus/final/Model1807/train/Artifacts/DLBCL13_R20_V01_DLBCL_LM_S38M2_DAPI00.tiff
15,0.9857705,-3.7446783,Artifact,/mnt/data/QC_raw_images/Madhavi/Out_of_focus/final/Model1807/train/Artifacts/CRC004_R10_V01_CRC01_MVM_S0M100_DAPI5121024.tiff
16,6.216738,-4.127455,Artifact,/mnt/data/QC_raw_images/Madhavi/Out_of_focus/final/Model1807/train/Artifacts/CRC004_R10_V01_CRC01_MVM_S0M101_DAPI01024.tiff
17,-18.315485,-1.7058405,Artifact,/mnt/data/QC_raw_images/Madhavi/Out_of_focus/final/Model1807/train/Artifacts/CRC004_R10_V01_CRC01_MVM_S0M105_DAPI1536512.tiff
18,-11.995628,-0.7531819,Artifact,/mnt/data/QC_raw_images/Madhavi/Out_of_focus/final/Model1807/train/Artifacts/CRC004_R10_V01_CRC01_MVM_S0M105_DAPI1024512.tiff
19,-17.962769,-0.45260656,Artifact,/mnt/data/QC_raw_images/Madhavi/Out_of_focus/final/Model1807/train/Artifacts/CRC004_R10_V01_CRC01_MVM_S0M127_DAPI15360.tiff
20,-16.612854,-3.8232832,Artifact,/mnt/data/QC_raw_images/Madhavi/Out_of_focus/final/Model1807/train/Artifacts/CRC004_R10_V01_CRC01_MVM_S0M134_DAPI10241024.tiff
21,-5.180097,-3.5688207,Artifact,/mnt/data/QC_raw_images/Madhavi/Out_of_focus/final/Model1807/train/Artifacts/CRC004_R10_V01_CRC01_MVM_S0M174_DAPI10240.tiff
22,7.4419036,-6.5249963,Artifact,/mnt/data/QC_raw_images/Madhavi/Out_of_focus/final/Model1807/train/Artifacts/CRC004_R10_V01_CRC01_MVM_S0M181_DAPI10240.tiff
23,-17.15781,-0.9494722,Artifact,/mnt/data/QC_raw_images/Madhavi/Out_of_focus/final/Model1807/train/Artifacts/CRC004_R10_V01_CRC01_MVM_S0M199_DAPI00.tiff
24,-6.3958488,-3.458779,Artifact,/mnt/data/QC_raw_images/Madhavi/Out_of_focus/final/Model1807/train/Artifacts/CRC007_R11_V01_CRC01_MVM_S0M63_DAPI10240.tiff
25,-5.2823906,-4.9539475,Artifact,/mnt/data/QC_raw_images/Madhavi/Out_of_focus/final/Model1807/train/Artifacts/CRC007_R11_V01_CRC01_MVM_S0M57_DAPI15360.tiff
26,-2.9949653,1.037986,Artifact,/mnt/data/QC_raw_images/Madhavi/Out_of_focus/final/Model1807/train/Artifacts/CRC007_R11_V01_CRC01_MVM_S0M149_DAPI10241536.tiff
27,-11.032604,-7.2143116,Artifact,/mnt/data/QC_raw_images/Madhavi/Out_of_focus/final/Model1807/train/Artifacts/CRC007_R11_V01_CRC01_MVM_S0M160_DAPI00.tiff
28,-23.539099,-2.5827105,Artifact,/mnt/data/QC_raw_images/Madhavi/Out_of_focus/final/Model1807/train/Artifacts/CRC007_R11_V01_CRC01_MVM_S0M70_DAPI0512.tiff
29,-5.064798,-4.8079534,Artifact,/mnt/data/QC_raw_images/Madhavi/Out_of_focus/final/Model1807/train/Artifacts/CRC007_R11_V01_CRC01_MVM_S0M182_DAPI00.tiff
30,-8.887537,-2.194814,Artifact,/mnt/data/QC_raw_images/Madhavi/Out_of_focus/final/Model1807/train/Artifacts/CRC007_R11_V01_CRC01_MVM_S0M202_DAPI15361024.tiff
31,-19.535307,-5.031288,Artifact,/mnt/data/QC_raw_images/Madhavi/Out_of_focus/final/Model1807/train/Artifacts/CRC007_R11_V01_CRC01_MVM_S0M203_DAPI5121024.tiff
32,-30.141386,-0.69321346,Artifact,/mnt/data/QC_raw_images/Madhavi/Out_of_focus/final/Model1807/train/Artifacts/CRC007_R11_V01_CRC01_MVM_S0M203_DAPI01536.tiff
33,-23.182854,-3.4137464,Artifact,/mnt/data/QC_raw_images/Madhavi/Out_of_focus/final/Model1807/train/Artifacts/CRC007_R11_V01_CRC01_MVM_S0M204_DAPI10240.tiff
34,-1.908081,3.661257,Artifact,/mnt/data/QC_raw_images/Madhavi/Out_of_focus/final/Model1807/train/Artifacts/CRC007_R11_V01_CRC01_MVM_S0M205_DAPI00.tiff
35,-3.6021821,-3.1919565,Artifact,/mnt/data/QC_raw_images/Madhavi/Out_of_focus/final/Model1807/train/Artifacts/CRC007_R11_V01_CRC01_MVM_S0M205_DAPI10241024.tiff
36,3.1265337,-5.9086394,Artifact,/mnt/data/QC_raw_images/Madhavi/Out_of_focus/final/Model1807/train/Artifacts/CRC007_R11_V01_CRC01_MVM_S0M91_DAPI01024.tiff
37,-5.699661,-2.5512865,Artifact,/mnt/data/QC_raw_images/Madhavi/Out_of_focus/final/Model1807/train/Artifacts/CRC007_R11_V01_CRC01_MVM_S0M114_DAPI10241024.tiff
38,-7.274951,-4.3939104,Artifact,/mnt/data/QC_raw_images/Madhavi/Out_of_focus/final/Model1807/train/Artifacts/CRC004_R10_V01_CRC01_MVM_S0M204_DAPI00.tiff
39,4.989294,-8.129785,Artifact,/mnt/data/QC_raw_images/Madhavi/Out_of_focus/final/Model1807/train/Artifacts/CRC004_R10_V01_CRC01_MVM_S0M216_DAPI5120.tiff
40,2.796565,-1.7994328,Artifact,/mnt/data/QC_raw_images/Madhavi/Out_of_focus/final/Model1807/train/Artifacts/CRC004_R10_V01_CRC01_MVM_S0M269_DAPI01536.tiff
41,1.9740628,-7.2753205,Artifact,/mnt/data/QC_raw_images/Madhavi/Out_of_focus/final/Model1807/train/Artifacts/CRC004_R10_V01_CRC01_MVM_S0M312_DAPI01024.tiff
42,-9.87096,-4.6287417,Artifact,/mnt/data/QC_raw_images/Madhavi/Out_of_focus/final/Model1807/train/Artifacts/CRC004_R10_V01_CRC01_MVM_S0M313_DAPI15360.tiff
43,2.8204482,-2.0624754,Artifact,/mnt/data/QC_raw_images/Madhavi/Out_of_focus/final/Model1807/train/Artifacts/CRC007_R11_V01_CRC01_MVM_S0M138_DAPI00.tiff
44,-6.5833473,-2.3789008,Artifact,/mnt/data/QC_raw_images/Madhavi/Out_of_focus/final/Model1807/train/Artifacts/CRC007_R11_V01_CRC01_MVM_S0M267_DAPI1536512.tiff
45,-11.947949,-3.0225015,Artifact,/mnt/data/QC_raw_images/Madhavi/Out_of_focus/final/Model1807/train/Artifacts/CRC007_R11_V01_CRC01_MVM_S0M272_DAPI1024512.tiff
46,-37.615463,3.6366599,Artifact,/mnt/data/QC_raw_images/Madhavi/Out_of_focus/final/Model1807/train/Artifacts/CRC007_R11_V01_CRC01_MVM_S0M274_DAPI00.tiff
47,-28.902071,-0.26167285,Artifact,/mnt/data/QC_raw_images/Madhavi/Out_of_focus/final/Model1807/train/Artifacts/CRC007_R11_V01_CRC01_MVM_S0M276_DAPI00.tiff
48,-33.6158,0.7241594,Artifact,/mnt/data/QC_raw_images/Madhavi/Out_of_focus/final/Model1807/train/Artifacts/TMA10A_R05_V04_MEL04B_MDA_S0M1_DAPI10241024.tiff
49,-6.4450545,-4.222809,Artifact,/mnt/data/QC_raw_images/Madhavi/Out_of_focus/final/Model1807/train/Artifacts/TMA10A_R05_V04_MEL04B_MDA_S4M1_DAPI1536512.tiff
50,-25.380003,-2.5131328,Artifact,/mnt/data/QC_raw_images/Madhavi/Out_of_focus/final/Model1807/train/Artifacts/TMA10A_R05_V04_MEL04B_MDA_S5M0_DAPI5121536.tiff
51,-32.012436,-0.12356457,Artifact,/mnt/data/QC_raw_images/Madhavi/Out_of_focus/final/Model1807/train/Artifacts/TMA10A_R05_V04_MEL04B_MDA_S5M2_DAPI1536512.tiff
52,-2.7146485,-8.270832,Artifact,/mnt/data/QC_raw_images/Madhavi/Out_of_focus/final/Model1807/train/Artifacts/TMA10A_R05_V04_MEL04B_MDA_S7M0_DAPI5120.tiff
53,-29.986893,-1.3984942,Artifact,/mnt/data/QC_raw_images/Madhavi/Out_of_focus/final/Model1807/train/Artifacts/TMA10A_R05_V04_MEL04B_MDA_S57M1_DAPI00.tiff
54,-34.863743,0.7069375,Artifact,/mnt/data/QC_raw_images/Madhavi/Out_of_focus/final/Model1807/train/Artifacts/TMA10A_R05_V04_MEL04B_MDA_S85M8_DAPI0512.tiff
55,-26.681864,-3.0451791,Artifact,/mnt/data/QC_raw_images/Madhavi/Out_of_focus/final/Model1807/train/Artifacts/TMA10A_R05_V04_MEL04B_MDA_S89M5_DAPI5120.tiff
56,-16.31408,-5.456926,Artifact,/mnt/data/QC_raw_images/Madhavi/Out_of_focus/final/Model1807/train/Artifacts/TMA10A_R05_V04_MEL04B_MDA_S95M2_DAPI01024.tiff
57,-14.069397,-1.01386,Artifact,/mnt/data/QC_raw_images/Madhavi/Out_of_focus/final/Model1807/train/Artifacts/KID8_R02_V1_KIDNEY_YVH_S2M33_DAPI_0_1476.tiff
58,-15.580883,-2.0936244,Artifact,/mnt/data/QC_raw_images/Madhavi/Out_of_focus/final/Model1807/train/Artifacts/KID8_R02_V1_KIDNEY_YVH_S2M19_DAPI_1968_1476.tiff
59,-8.42986,-2.7217226,Artifact,/mnt/data/QC_raw_images/Madhavi/Out_of_focus/final/Model1807/train/Artifacts/KID8_R02_V1_KIDNEY_YVH_S2M36_DAPI_0_1476.tiff
60,-27.49255,4.111309,Artifact,/mnt/data/QC_raw_images/Madhavi/Out_of_focus/final/Model1807/train/Artifacts/KID8_R02_V1_KIDNEY_YVH_S2M32_DAPI_1968_1476.tiff
61,-27.776188,2.6919837,Artifact,/mnt/data/QC_raw_images/Madhavi/Out_of_focus/final/Model1807/train/Artifacts/KID8_R02_V1_KIDNEY_YVH_S2M35_DAPI_492_1968.tiff
62,-14.901182,0.5917614,Artifact,/mnt/data/QC_raw_images/Madhavi/Out_of_focus/final/Model1807/train/Artifacts/KID8_R02_V1_KIDNEY_YVH_S2M20_DAPI_1968_1476.tiff
63,-10.693717,1.0166029,Artifact,/mnt/data/QC_raw_images/Madhavi/Out_of_focus/final/Model1807/train/Artifacts/KID8_R02_V1_KIDNEY_YVH_S2M36_DAPI_0_984.tiff
64,-14.33974,-1.5206622,Artifact,/mnt/data/QC_raw_images/Madhavi/Out_of_focus/final/Model1807/train/Artifacts/KID8_R02_V1_KIDNEY_YVH_S2M35_DAPI_1968_984.tiff
65,-18.428751,-2.1094692,Artifact,/mnt/data/QC_raw_images/Madhavi/Out_of_focus/final/Model1807/train/Artifacts/KID8_R02_V1_KIDNEY_YVH_S2M36_DAPI_1476_0.tiff
66,-15.020583,-1.1553817,Artifact,/mnt/data/QC_raw_images/Madhavi/Out_of_focus/final/Model1807/train/Artifacts/KID8_R02_V1_KIDNEY_YVH_S2M35_DAPI_1968_1476.tiff
67,-40.016266,8.098671,Artifact,/mnt/data/QC_raw_images/Madhavi/Out_of_focus/final/Model1807/train/Artifacts/KID8_R02_V1_KIDNEY_YVH_S2M20_DAPI_1476_1968.tiff
68,-14.442101,-1.5305048,Artifact,/mnt/data/QC_raw_images/Madhavi/Out_of_focus/final/Model1807/train/Artifacts/KID8_R02_V1_KIDNEY_YVH_S2M34_DAPI_492_492.tiff
69,-23.089022,4.194859,Artifact,/mnt/data/QC_raw_images/Madhavi/Out_of_focus/final/Model1807/train/Artifacts/KID8_R02_V1_KIDNEY_YVH_S2M32_DAPI_984_492.tiff
70,-21.991575,4.2394056,Artifact,/mnt/data/QC_raw_images/Madhavi/Out_of_focus/final/Model1807/train/Artifacts/KID8_R02_V1_KIDNEY_YVH_S2M32_DAPI_492_492.tiff
71,-23.332949,4.4349775,Artifact,/mnt/data/QC_raw_images/Madhavi/Out_of_focus/final/Model1807/train/Artifacts/KID8_R02_V1_KIDNEY_YVH_S2M33_DAPI_492_492.tiff
72,-18.979538,3.1157265,Artifact,/mnt/data/QC_raw_images/Madhavi/Out_of_focus/final/Model1807/train/Artifacts/KID8_R02_V1_KIDNEY_YVH_S2M31_DAPI_1476_492.tiff
73,-30.168238,7.2212257,Artifact,/mnt/data/QC_raw_images/Madhavi/Out_of_focus/final/Model1807/train/Artifacts/KID8_R02_V1_KIDNEY_YVH_S2M33_DAPI_984_492.tiff
74,-22.094868,5.3489804,Artifact,/mnt/data/QC_raw_images/Madhavi/Out_of_focus/final/Model1807/train/Artifacts/KID8_R02_V1_KIDNEY_YVH_S2M33_DAPI_984_1476.tiff
75,-27.906145,6.5627675,Artifact,/mnt/data/QC_raw_images/Madhavi/Out_of_focus/final/Model1807/train/Artifacts/KID8_R02_V1_KIDNEY_YVH_S2M32_DAPI_1476_492.tiff
76,-24.004616,5.2479963,Artifact,/mnt/data/QC_raw_images/Madhavi/Out_of_focus/final/Model1807/train/Artifacts/KID8_R02_V1_KIDNEY_YVH_S2M32_DAPI_1476_984.tiff
77,-30.760904,8.290652,Artifact,/mnt/data/QC_raw_images/Madhavi/Out_of_focus/final/Model1807/train/Artifacts/KID8_R02_V1_KIDNEY_YVH_S2M31_DAPI_492_984.tiff
78,-26.138914,5.1418204,Artifact,/mnt/data/QC_raw_images/Madhavi/Out_of_focus/final/Model1807/train/Artifacts/KID8_R02_V1_KIDNEY_YVH_S2M32_DAPI_984_984.tiff
79,-45.83832,16.535248,Artifact,/mnt/data/QC_raw_images/Madhavi/Out_of_focus/final/Model1807/train/Artifacts/KID8_R02_V1_KIDNEY_YVH_S2M33_DAPI_984_984.tiff
80,-35.9428,9.123412,Artifact,/mnt/data/QC_raw_images/Madhavi/Out_of_focus/final/Model1807/train/Artifacts/KID8_R02_V1_KIDNEY_YVH_S2M33_DAPI_1476_492.tiff
81,-13.456911,-1.5646292,Artifact,/mnt/data/QC_raw_images/Madhavi/Out_of_focus/final/Model1807/train/Artifacts/KID8_R02_V1_KIDNEY_YVH_S2M33_DAPI_1476_1476.tiff
82,-22.434519,4.8079123,Artifact,/mnt/data/QC_raw_images/Madhavi/Out_of_focus/final/Model1807/train/Artifacts/KID8_R02_V1_KIDNEY_YVH_S2M32_DAPI_492_1476.tiff
83,-30.319916,6.228567,Artifact,/mnt/data/QC_raw_images/Madhavi/Out_of_focus/final/Model1807/train/Artifacts/KID8_R02_V1_KIDNEY_YVH_S2M20_DAPI_1476_1476.tiff
84,-33.8952,8.742047,Artifact,/mnt/data/QC_raw_images/Madhavi/Out_of_focus/final/Model1807/train/Artifacts/KID8_R02_V1_KIDNEY_YVH_S2M31_DAPI_984_492.tiff
85,-25.940342,5.3430886,Artifact,/mnt/data/QC_raw_images/Madhavi/Out_of_focus/final/Model1807/train/Artifacts/KID8_R02_V1_KIDNEY_YVH_S2M31_DAPI_492_492.tiff
86,-27.70878,4.998838,Artifact,/mnt/data/QC_raw_images/Madhavi/Out_of_focus/final/Model1807/train/Artifacts/KID8_R02_V1_KIDNEY_YVH_S2M35_DAPI_1476_492.tiff
87,-20.580933,-2.4327102,Artifact,/mnt/data/QC_raw_images/Madhavi/Out_of_focus/final/Model1807/train/Artifacts/KID8_R02_V1_KIDNEY_YVH_S2M35_DAPI_492_984.tiff
88,-32.028942,8.296194,Artifact,/mnt/data/QC_raw_images/Madhavi/Out_of_focus/final/Model1807/train/Artifacts/KID8_R02_V1_KIDNEY_YVH_S2M31_DAPI_984_984.tiff
89,-19.53112,1.40125,Artifact,/mnt/data/QC_raw_images/Madhavi/Out_of_focus/final/Model1807/train/Artifacts/KID8_R02_V1_KIDNEY_YVH_S2M20_DAPI_492_492.tiff
90,-33.44653,9.434447,Artifact,/mnt/data/QC_raw_images/Madhavi/Out_of_focus/final/Model1807/train/Artifacts/KID8_R02_V1_KIDNEY_YVH_S2M36_DAPI_984_492.tiff
91,-35.70956,10.370909,Artifact,/mnt/data/QC_raw_images/Madhavi/Out_of_focus/final/Model1807/train/Artifacts/KID8_R02_V1_KIDNEY_YVH_S2M20_DAPI_984_492.tiff
92,-23.388428,4.7458816,Artifact,/mnt/data/QC_raw_images/Madhavi/Out_of_focus/final/Model1807/train/Artifacts/KID8_R02_V1_KIDNEY_YVH_S2M34_DAPI_492_984.tiff
93,-33.816975,9.347499,Artifact,/mnt/data/QC_raw_images/Madhavi/Out_of_focus/final/Model1807/train/Artifacts/KID8_R02_V1_KIDNEY_YVH_S2M33_DAPI_492_1476.tiff
94,-30.082987,5.9606266,Artifact,/mnt/data/QC_raw_images/Madhavi/Out_of_focus/final/Model1807/train/Artifacts/KID8_R02_V1_KIDNEY_YVH_S2M36_DAPI_1476_492.tiff
95,-27.456509,5.876957,Artifact,/mnt/data/QC_raw_images/Madhavi/Out_of_focus/final/Model1807/train/Artifacts/KID8_R02_V1_KIDNEY_YVH_S2M20_DAPI_984_1476.tiff
96,-11.231052,-1.6678007,Artifact,/mnt/data/QC_raw_images/Madhavi/Out_of_focus/final/Model1807/train/Artifacts/KID8_R02_V1_KIDNEY_YVH_S2M31_DAPI_984_1476.tiff
97,-22.0495,2.4169445,Artifact,/mnt/data/QC_raw_images/Madhavi/Out_of_focus/final/Model1807/train/Artifacts/KID8_R02_V1_KIDNEY_YVH_S2M19_DAPI_1476_984.tiff
98,-31.777172,7.510489,Artifact,/mnt/data/QC_raw_images/Madhavi/Out_of_focus/final/Model1807/train/Artifacts/KID8_R02_V1_KIDNEY_YVH_S2M32_DAPI_492_984.tiff
99,-18.372204,2.2968054,Artifact,/mnt/data/QC_raw_images/Madhavi/Out_of_focus/final/Model1807/train/Artifacts/KID8_R02_V1_KIDNEY_YVH_S2M32_DAPI_984_1476.tiff
100,-23.767649,4.506166,Artifact,/mnt/data/QC_raw_images/Madhavi/Out_of_focus/final/Model1807/train/Artifacts/KID8_R02_V1_KIDNEY_YVH_S2M36_DAPI_492_492.tiff
101,-17.614069,1.4884676,Artifact,/mnt/data/QC_raw_images/Madhavi/Out_of_focus/final/Model1807/train/Artifacts/KID8_R02_V1_KIDNEY_YVH_S2M31_DAPI_1476_984.tiff
102,-31.188263,8.526149,Artifact,/mnt/data/QC_raw_images/Madhavi/Out_of_focus/final/Model1807/train/Artifacts/KID8_R02_V1_KIDNEY_YVH_S2M33_DAPI_1476_984.tiff
103,-27.142193,7.8904557,Artifact,/mnt/data/QC_raw_images/Madhavi/Out_of_focus/final/Model1807/train/Artifacts/KID8_R02_V1_KIDNEY_YVH_S2M36_DAPI_1476_1476.tiff
104,-29.35488,6.157641,Artifact,/mnt/data/QC_raw_images/Madhavi/Out_of_focus/final/Model1807/train/Artifacts/KID8_R02_V1_KIDNEY_YVH_S2M21_DAPI_492_492.tiff
105,-20.910381,3.5741189,Artifact,/mnt/data/QC_raw_images/Madhavi/Out_of_focus/final/Model1807/train/Artifacts/KID8_R02_V1_KIDNEY_YVH_S2M20_DAPI_984_984.tiff
106,-30.678244,7.936814,Artifact,/mnt/data/QC_raw_images/Madhavi/Out_of_focus/final/Model1807/train/Artifacts/KID8_R02_V1_KIDNEY_YVH_S2M20_DAPI_1476_984.tiff
107,-28.96294,7.880954,Artifact,/mnt/data/QC_raw_images/Madhavi/Out_of_focus/final/Model1807/train/Artifacts/KID8_R02_V1_KIDNEY_YVH_S2M32_DAPI_1476_1476.tiff
108,-29.924044,6.82031,Artifact,/mnt/data/QC_raw_images/Madhavi/Out_of_focus/final/Model1807/train/Artifacts/KID8_R02_V1_KIDNEY_YVH_S2M33_DAPI_492_984.tiff
109,-28.076714,7.4221625,Artifact,/mnt/data/QC_raw_images/Madhavi/Out_of_focus/final/Model1807/train/Artifacts/KID8_R02_V1_KIDNEY_YVH_S2M35_DAPI_984_1476.tiff
110,-31.76502,7.363188,Artifact,/mnt/data/QC_raw_images/Madhavi/Out_of_focus/final/Model1807/train/Artifacts/KID8_R02_V1_KIDNEY_YVH_S2M19_DAPI_1476_492.tiff
111,-28.401028,6.105915,Artifact,/mnt/data/QC_raw_images/Madhavi/Out_of_focus/final/Model1807/train/Artifacts/KID8_R02_V1_KIDNEY_YVH_S2M31_DAPI_492_1476.tiff
112,-23.808813,2.294524,Artifact,/mnt/data/QC_raw_images/Madhavi/Out_of_focus/final/Model1807/train/Artifacts/KID8_R02_V1_KIDNEY_YVH_S2M20_DAPI_1476_492.tiff
113,-22.12883,4.231718,Artifact,/mnt/data/QC_raw_images/Madhavi/Out_of_focus/final/Model1807/train/Artifacts/KID8_R02_V1_KIDNEY_YVH_S2M36_DAPI_984_1476.tiff
114,-14.140883,0.26449051,Artifact,/mnt/data/QC_raw_images/Madhavi/Out_of_focus/final/Model1807/train/Artifacts/KID8_R02_V1_KIDNEY_YVH_S2M36_DAPI_492_984.tiff
115,-29.964258,6.8030567,Artifact,/mnt/data/QC_raw_images/Madhavi/Out_of_focus/final/Model1807/train/Artifacts/KID8_R02_V1_KIDNEY_YVH_S2M35_DAPI_984_492.tiff
116,-30.267784,6.2963204,Artifact,/mnt/data/QC_raw_images/Madhavi/Out_of_focus/final/Model1807/train/Artifacts/KID8_R02_V1_KIDNEY_YVH_S2M36_DAPI_1476_984.tiff
117,-28.924295,4.528538,Artifact,/mnt/data/QC_raw_images/Madhavi/Out_of_focus/final/Model1807/train/Artifacts/KID8_R02_V1_KIDNEY_YVH_S2M21_DAPI_492_984.tiff
118,-26.725351,5.4621444,Artifact,/mnt/data/QC_raw_images/Madhavi/Out_of_focus/final/Model1807/train/Artifacts/KID8_R02_V1_KIDNEY_YVH_S2M35_DAPI_984_984.tiff
119,-20.286022,1.7490883,Artifact,/mnt/data/QC_raw_images/Madhavi/Out_of_focus/final/Model1807/train/Artifacts/KID8_R02_V1_KIDNEY_YVH_S2M35_DAPI_1476_984.tiff
120,-14.170786,-0.71608126,Artifact,/mnt/data/QC_raw_images/Madhavi/Out_of_focus/final/Model1807/train/Artifacts/KID8_R02_V1_KIDNEY_YVH_S2M20_DAPI_492_984.tiff
121,-13.577768,-0.7411803,Artifact,/mnt/data/QC_raw_images/Madhavi/Out_of_focus/final/Model1807/train/Artifacts/KID8_R02_V1_KIDNEY_YVH_S2M31_DAPI_1476_1476.tiff
122,-26.28822,5.3776903,Artifact,/mnt/data/QC_raw_images/Madhavi/Out_of_focus/final/Model1807/train/Artifacts/KID8_R02_V1_KIDNEY_YVH_S2M36_DAPI_984_984.tiff
123,-13.82804,-0.7496745,Artifact,/mnt/data/QC_raw_images/Madhavi/Out_of_focus/final/Model1807/train/Artifacts/KID8_R02_V1_KIDNEY_YVH_S2M36_DAPI_492_1476.tiff
124,-22.736193,4.6321335,Artifact,/mnt/data/QC_raw_images/Madhavi/Out_of_focus/final/Model1807/train/Artifacts/KID8_R02_V1_KIDNEY_YVH_S2M34_DAPI_492_1476.tiff
125,-32.82148,7.862218,Artifact,/mnt/data/QC_raw_images/Madhavi/Out_of_focus/final/Model1807/train/Artifacts/KID8_R02_V1_KIDNEY_YVH_S2M21_DAPI_492_1476.tiff
126,-13.228229,-2.6083758,Artifact,/mnt/data/QC_raw_images/Madhavi/Out_of_focus/final/Model1807/train/Artifacts/KID8_R02_V1_KIDNEY_YVH_S2M20_DAPI_492_1476.tiff
127,-15.360429,0.5497441,Artifact,/mnt/data/QC_raw_images/Madhavi/Out_of_focus/final/Model1807/train/Artifacts/KID8_R02_V1_KIDNEY_YVH_S2M35_DAPI_1476_1476.tiff
128,-20.98928,2.0303223,Artifact,/mnt/data/QC_raw_images/Madhavi/Out_of_focus/final/Model1807/train/Artifacts/KID8_R02_V1_KIDNEY_YVH_S2M35_DAPI_492_1476.tiff
129,-22.611597,2.339452,Artifact,/mnt/data/QC_raw_images/Madhavi/Out_of_focus/final/Model1807/train/Artifacts/KID8_R02_V1_KIDNEY_YVH_S2M19_DAPI_1476_1476.tiff
130,29.936914,-7.0568075,No_Artifact,/mnt/data/QC_raw_images/Madhavi/Out_of_focus/final/Model1807//train/No_Artifacts/POLANDTMA_R01_V01_MEL07_MDA_S20M7_DAPI316209.tiff
131,36.173027,-2.2256813,No_Artifact,/mnt/data/QC_raw_images/Madhavi/Out_of_focus/final/Model1807//train/No_Artifacts/POLANDTMA_R01_V01_MEL07_MDA_S20M7_DAPI1337316.tiff
132,28.747204,-0.5397348,No_Artifact,/mnt/data/QC_raw_images/Madhavi/Out_of_focus/final/Model1807//train/No_Artifacts/DLBCL13_R20_V01_DLBCL_LM_S10M2_DAPI883865.tiff
133,18.215494,10.58171,No_Artifact,/mnt/data/QC_raw_images/Madhavi/Out_of_focus/final/Model1807//train/No_Artifacts/DLBCL13_R20_V01_DLBCL_LM_S13M3_DAPI668722.tiff
134,18.387651,-6.800507,No_Artifact,/mnt/data/QC_raw_images/Madhavi/Out_of_focus/final/Model1807//train/No_Artifacts/DLBCL13_R20_V01_DLBCL_LM_S24M1_DAPI501787.tiff
135,53.369167,1.7801805,No_Artifact,/mnt/data/QC_raw_images/Madhavi/Out_of_focus/final/Model1807//train/No_Artifacts/DLBCL13_R20_V01_DLBCL_LM_S24M1_DAPI5011420.tiff
136,47.949574,-0.41624674,No_Artifact,/mnt/data/QC_raw_images/Madhavi/Out_of_focus/final/Model1807//train/No_Artifacts/DLBCL13_R20_V01_DLBCL_LM_S24M2_DAPI1154844.tiff
137,49.608242,-0.114306465,No_Artifact,/mnt/data/QC_raw_images/Madhavi/Out_of_focus/final/Model1807//train/No_Artifacts/DLBCL13_R20_V01_DLBCL_LM_S24M2_DAPI9461154.tiff
138,25.48964,-7.2437835,No_Artifact,/mnt/data/QC_raw_images/Madhavi/Out_of_focus/final/Model1807//train/No_Artifacts/CRC004_R10_V01_CRC01_MVM_S0M37_DAPI1492896.tiff
139,111.807396,134.18626,No_Artifact,/mnt/data/QC_raw_images/Madhavi/Out_of_focus/final/Model1807//train/No_Artifacts/CRC004_R10_V01_CRC01_MVM_S0M100_DAPI121752.tiff
140,34.108826,-5.7604074,No_Artifact,/mnt/data/QC_raw_images/Madhavi/Out_of_focus/final/Model1807//train/No_Artifacts/CRC004_R10_V01_CRC01_MVM_S0M100_DAPI1211267.tiff
141,44.728127,19.338966,No_Artifact,/mnt/data/QC_raw_images/Madhavi/Out_of_focus/final/Model1807//train/No_Artifacts/CRC004_R10_V01_CRC01_MVM_S0M105_DAPI8671305.tiff
142,28.148281,-2.5915065,No_Artifact,/mnt/data/QC_raw_images/Madhavi/Out_of_focus/final/Model1807//train/No_Artifacts/CRC004_R10_V01_CRC01_MVM_S0M105_DAPI867741.tiff
143,19.988382,-8.1874695,No_Artifact,/mnt/data/QC_raw_images/Madhavi/Out_of_focus/final/Model1807//train/No_Artifacts/CRC004_R10_V01_CRC01_MVM_S0M174_DAPI1387912.tiff
144,20.36342,-5.959695,No_Artifact,/mnt/data/QC_raw_images/Madhavi/Out_of_focus/final/Model1807//train/No_Artifacts/CRC004_R10_V01_CRC01_MVM_S0M199_DAPI8791508.tiff
145,12.72692,-11.006798,No_Artifact,/mnt/data/QC_raw_images/Madhavi/Out_of_focus/final/Model1807//train/No_Artifacts/CRC004_R10_V01_CRC01_MVM_S0M199_DAPI1274720.tiff
146,33.31941,-3.0295439,No_Artifact,/mnt/data/QC_raw_images/Madhavi/Out_of_focus/final/Model1807//train/No_Artifacts/CRC004_R10_V01_CRC01_MVM_S0M199_DAPI1274879.tiff
147,34.834866,-4.8559556,No_Artifact,/mnt/data/QC_raw_images/Madhavi/Out_of_focus/final/Model1807//train/No_Artifacts/CRC007_R11_V01_CRC01_MVM_S0M63_DAPI26961.tiff
148,21.04716,-5.9746103,No_Artifact,/mnt/data/QC_raw_images/Madhavi/Out_of_focus/final/Model1807//train/No_Artifacts/CRC007_R11_V01_CRC01_MVM_S0M63_DAPI1300762.tiff
149,23.972624,-6.445943,No_Artifact,/mnt/data/QC_raw_images/Madhavi/Out_of_focus/final/Model1807//train/No_Artifacts/CRC007_R11_V01_CRC01_MVM_S0M63_DAPI130026.tiff
150,27.099405,-6.1680818,No_Artifact,/mnt/data/QC_raw_images/Madhavi/Out_of_focus/final/Model1807//train/No_Artifacts/CRC007_R11_V01_CRC01_MVM_S0M42_DAPI711262.tiff
151,47.90131,-0.38717183,No_Artifact,/mnt/data/QC_raw_images/Madhavi/Out_of_focus/final/Model1807//train/No_Artifacts/CRC007_R11_V01_CRC01_MVM_S0M57_DAPI15191057.tiff
152,-10.391589,-3.2442214,No_Artifact,/mnt/data/QC_raw_images/Madhavi/Out_of_focus/final/Model1807//train/No_Artifacts/CRC007_R11_V01_CRC01_MVM_S0M57_DAPI14691021.tiff
153,9.576201,-8.897243,No_Artifact,/mnt/data/QC_raw_images/Madhavi/Out_of_focus/final/Model1807//train/No_Artifacts/CRC007_R11_V01_CRC01_MVM_S0M57_DAPI1469827.tiff
154,26.258667,-3.8156521,No_Artifact,/mnt/data/QC_raw_images/Madhavi/Out_of_focus/final/Model1807//train/No_Artifacts/CRC007_R11_V01_CRC01_MVM_S0M157_DAPI722718.tiff
155,23.43624,-6.630917,No_Artifact,/mnt/data/QC_raw_images/Madhavi/Out_of_focus/final/Model1807//train/No_Artifacts/CRC007_R11_V01_CRC01_MVM_S0M157_DAPI969722.tiff
156,9.958285,21.058346,No_Artifact,/mnt/data/QC_raw_images/Madhavi/Out_of_focus/final/Model1807//train/No_Artifacts/CRC007_R11_V01_CRC01_MVM_S0M182_DAPI12571124.tiff
157,12.998145,16.618736,No_Artifact,/mnt/data/QC_raw_images/Madhavi/Out_of_focus/final/Model1807//train/No_Artifacts/CRC007_R11_V01_CRC01_MVM_S0M182_DAPI2171257.tiff
158,4.7324204,-2.4437559,No_Artifact,/mnt/data/QC_raw_images/Madhavi/Out_of_focus/final/Model1807//train/No_Artifacts/CRC007_R11_V01_CRC01_MVM_S0M186_DAPI14810.tiff
159,18.764002,-6.6794066,No_Artifact,/mnt/data/QC_raw_images/Madhavi/Out_of_focus/final/Model1807//train/No_Artifacts/CRC007_R11_V01_CRC01_MVM_S0M186_DAPI4721409.tiff
160,24.397758,-4.6375585,No_Artifact,/mnt/data/QC_raw_images/Madhavi/Out_of_focus/final/Model1807//train/No_Artifacts/CRC007_R11_V01_CRC01_MVM_S0M186_DAPI4721481.tiff
161,17.732317,-2.5230515,No_Artifact,/mnt/data/QC_raw_images/Madhavi/Out_of_focus/final/Model1807//train/No_Artifacts/CRC007_R11_V01_CRC01_MVM_S0M200_DAPI1601446.tiff
162,26.54759,-5.212542,No_Artifact,/mnt/data/QC_raw_images/Madhavi/Out_of_focus/final/Model1807//train/No_Artifacts/CRC007_R11_V01_CRC01_MVM_S0M202_DAPI1389834.tiff
163,23.301256,3.187975,No_Artifact,/mnt/data/QC_raw_images/Madhavi/Out_of_focus/final/Model1807//train/No_Artifacts/CRC007_R11_V01_CRC01_MVM_S0M205_DAPI14691168.tiff
164,43.866703,-3.5917048,No_Artifact,/mnt/data/QC_raw_images/Madhavi/Out_of_focus/final/Model1807//train/No_Artifacts/CRC007_R11_V01_CRC01_MVM_S0M210_DAPI48183.tiff
165,32.940723,-1.8902162,No_Artifact,/mnt/data/QC_raw_images/Madhavi/Out_of_focus/final/Model1807//train/No_Artifacts/CRC007_R11_V01_CRC01_MVM_S0M210_DAPI66948.tiff
166,-14.359563,-2.638841,No_Artifact,/mnt/data/QC_raw_images/Madhavi/Out_of_focus/final/Model1807//train/No_Artifacts/CRC007_R11_V01_CRC01_MVM_S0M91_DAPI1382873.tiff
167,32.812256,-0.492846,No_Artifact,/mnt/data/QC_raw_images/Madhavi/Out_of_focus/final/Model1807//train/No_Artifacts/CRC004_R10_V01_CRC01_MVM_S0M204_DAPI858590.tiff
168,2.412862,-5.4576445,No_Artifact,/mnt/data/QC_raw_images/Madhavi/Out_of_focus/final/Model1807//train/No_Artifacts/CRC004_R10_V01_CRC01_MVM_S0M268_DAPI1233480.tiff
169,18.122286,7.399624,No_Artifact,/mnt/data/QC_raw_images/Madhavi/Out_of_focus/final/Model1807//train/No_Artifacts/CRC004_R10_V01_CRC01_MVM_S0M269_DAPI68624.tiff
170,41.60669,0.3561862,No_Artifact,/mnt/data/QC_raw_images/Madhavi/Out_of_focus/final/Model1807//train/No_Artifacts/CRC004_R10_V01_CRC01_MVM_S0M269_DAPI134362.tiff
171,20.671677,-4.3592978,No_Artifact,/mnt/data/QC_raw_images/Madhavi/Out_of_focus/final/Model1807//train/No_Artifacts/CRC004_R10_V01_CRC01_MVM_S0M312_DAPI2571472.tiff
172,35.32894,-1.8333417,No_Artifact,/mnt/data/QC_raw_images/Madhavi/Out_of_focus/final/Model1807//train/No_Artifacts/CRC007_R11_V01_CRC01_MVM_S0M245_DAPI1145828.tiff
173,0.31223524,-3.4705734,No_Artifact,/mnt/data/QC_raw_images/Madhavi/Out_of_focus/final/Model1807//train/No_Artifacts/CRC007_R11_V01_CRC01_MVM_S0M250_DAPI1761418.tiff
174,-1.2905389,-3.3877,No_Artifact,/mnt/data/QC_raw_images/Madhavi/Out_of_focus/final/Model1807//train/No_Artifacts/CRC007_R11_V01_CRC01_MVM_S0M250_DAPI1221176.tiff
175,4.7318068,-8.927243,No_Artifact,/mnt/data/QC_raw_images/Madhavi/Out_of_focus/final/Model1807//train/No_Artifacts/CRC007_R11_V01_CRC01_MVM_S0M274_DAPI111509.tiff
176,6.1780353,-2.850265,No_Artifact,/mnt/data/QC_raw_images/Madhavi/Out_of_focus/final/Model1807//train/No_Artifacts/CRC007_R11_V01_CRC01_MVM_S0M276_DAPI120765.tiff
177,29.02671,-6.317088,No_Artifact,/mnt/data/QC_raw_images/Madhavi/Out_of_focus/final/Model1807//train/No_Artifacts/TMA10A_R05_V04_MEL04B_MDA_S0M1_DAPI1486166.tiff
178,3.1506352,-2.899552,No_Artifact,/mnt/data/QC_raw_images/Madhavi/Out_of_focus/final/Model1807//train/No_Artifacts/TMA10A_R05_V04_MEL04B_MDA_S0M1_DAPI10741208.tiff
179,43.891308,0.19603522,No_Artifact,/mnt/data/QC_raw_images/Madhavi/Out_of_focus/final/Model1807//train/No_Artifacts/TMA10A_R05_V04_MEL04B_MDA_S4M1_DAPI5501501.tiff
180,-7.0077596,-2.525113,No_Artifact,/mnt/data/QC_raw_images/Madhavi/Out_of_focus/final/Model1807//train/No_Artifacts/TMA10A_R05_V04_MEL04B_MDA_S4M1_DAPI12071024.tiff
181,29.724388,-7.105801,No_Artifact,/mnt/data/QC_raw_images/Madhavi/Out_of_focus/final/Model1807//train/No_Artifacts/TMA10A_R05_V04_MEL04B_MDA_S5M0_DAPI1504305.tiff
182,46.243732,-2.235499,No_Artifact,/mnt/data/QC_raw_images/Madhavi/Out_of_focus/final/Model1807//train/No_Artifacts/TMA10A_R05_V04_MEL04B_MDA_S5M2_DAPI13491430.tiff
183,9.854162,-7.96994,No_Artifact,/mnt/data/QC_raw_images/Madhavi/Out_of_focus/final/Model1807//train/No_Artifacts/TMA10A_R05_V04_MEL04B_MDA_S5M2_DAPI5141000.tiff
184,1.8809029,-6.638665,No_Artifact,/mnt/data/QC_raw_images/Madhavi/Out_of_focus/final/Model1807//train/No_Artifacts/TMA10A_R05_V04_MEL04B_MDA_S5M2_DAPI5141349.tiff
185,22.725395,-8.041372,No_Artifact,/mnt/data/QC_raw_images/Madhavi/Out_of_focus/final/Model1807//train/No_Artifacts/TMA10A_R05_V04_MEL04B_MDA_S7M0_DAPI124172.tiff
186,36.00675,-4.28203,No_Artifact,/mnt/data/QC_raw_images/Madhavi/Out_of_focus/final/Model1807//train/No_Artifacts/TMA10A_R05_V04_MEL04B_MDA_S15M1_DAPI8171468.tiff
187,7.7918706,13.135501,No_Artifact,/mnt/data/QC_raw_images/Madhavi/Out_of_focus/final/Model1807//train/No_Artifacts/TMA10A_R05_V04_MEL04B_MDA_S57M1_DAPI10951353.tiff
188,25.261795,30.357395,No_Artifact,/mnt/data/QC_raw_images/Madhavi/Out_of_focus/final/Model1807//train/No_Artifacts/TMA10A_R05_V04_MEL04B_MDA_S57M1_DAPI8501095.tiff
189,49.851215,-0.27327475,No_Artifact,/mnt/data/QC_raw_images/Madhavi/Out_of_focus/final/Model1807//train/No_Artifacts/TMA10A_R05_V04_MEL04B_MDA_S88M5_DAPI63575.tiff
190,12.189772,-6.7913003,No_Artifact,/mnt/data/QC_raw_images/Madhavi/Out_of_focus/final/Model1807//train/No_Artifacts/TMA10A_R05_V04_MEL04B_MDA_S89M5_DAPI9851446.tiff
191,28.516651,-3.3196342,No_Artifact,/mnt/data/QC_raw_images/Madhavi/Out_of_focus/final/Model1807//train/No_Artifacts/TMA10A_R05_V04_MEL04B_MDA_S89M5_DAPI588985.tiff
192,28.171135,-5.6979213,No_Artifact,/mnt/data/QC_raw_images/Madhavi/Out_of_focus/final/Model1807//train/No_Artifacts/TMA10A_R05_V04_MEL04B_MDA_S95M2_DAPI474882.tiff
193,39.96338,-3.358029,No_Artifact,/mnt/data/QC_raw_images/Madhavi/Out_of_focus/final/Model1807//train/No_Artifacts/TMA10A_R05_V04_MEL04B_MDA_S95M2_DAPI1240731.tiff
194,24.87971,1.0682657,No_Artifact,/mnt/data/QC_raw_images/Madhavi/Out_of_focus/final/Model1807//train/No_Artifacts/TMA10A_R05_V04_MEL04B_MDA_S95M2_DAPI1240474.tiff
195,32.28758,-5.1712074,No_Artifact,/mnt/data/QC_raw_images/Madhavi/Out_of_focus/final/Model1807//train/No_Artifacts/C3-KID8_R22_S1_KID8_DAPI_8856_14268.tiff
196,31.705002,-3.6915307,No_Artifact,/mnt/data/QC_raw_images/Madhavi/Out_of_focus/final/Model1807//train/No_Artifacts/C3-KID8_R22_S1_KID8_DAPI_8856_13776.tiff
197,27.69689,-4.6037297,No_Artifact,/mnt/data/QC_raw_images/Madhavi/Out_of_focus/final/Model1807//train/No_Artifacts/C3-KID8_R22_S1_KID8_DAPI_8856_13284.tiff
198,27.5736,-5.5412464,No_Artifact,/mnt/data/QC_raw_images/Madhavi/Out_of_focus/final/Model1807//train/No_Artifacts/C3-KID8_R22_S1_KID8_DAPI_8364_4920.tiff
199,30.962069,-4.8900957,No_Artifact,/mnt/data/QC_raw_images/Madhavi/Out_of_focus/final/Model1807//train/No_Artifacts/C3-KID8_R22_S1_KID8_DAPI_8364_4428.tiff
200,27.602615,-6.1324215,No_Artifact,/mnt/data/QC_raw_images/Madhavi/Out_of_focus/final/Model1807//train/No_Artifacts/C3-KID8_R22_S1_KID8_DAPI_8364_3936.tiff
201,32.612823,-4.3469477,No_Artifact,/mnt/data/QC_raw_images/Madhavi/Out_of_focus/final/Model1807//train/No_Artifacts/C3-KID8_R22_S1_KID8_DAPI_7872_13284.tiff
202,31.830029,-4.063717,No_Artifact,/mnt/data/QC_raw_images/Madhavi/Out_of_focus/final/Model1807//train/No_Artifacts/C3-KID8_R22_S1_KID8_DAPI_7872_12792.tiff
203,26.300789,-6.259066,No_Artifact,/mnt/data/QC_raw_images/Madhavi/Out_of_focus/final/Model1807//train/No_Artifacts/C3-KID8_R22_S1_KID8_DAPI_7872_12300.tiff
204,23.382324,-6.351914,No_Artifact,/mnt/data/QC_raw_images/Madhavi/Out_of_focus/final/Model1807//train/No_Artifacts/C3-KID8_R22_S1_KID8_DAPI_7872_11808.tiff
205,28.46035,-3.5118644,No_Artifact,/mnt/data/QC_raw_images/Madhavi/Out_of_focus/final/Model1807//train/No_Artifacts/C3-KID8_R22_S1_KID8_DAPI_7872_10824.tiff
206,34.007793,-3.9589818,No_Artifact,/mnt/data/QC_raw_images/Madhavi/Out_of_focus/final/Model1807//train/No_Artifacts/C3-KID8_R22_S1_KID8_DAPI_7872_10332.tiff
207,28.978836,-5.616732,No_Artifact,/mnt/data/QC_raw_images/Madhavi/Out_of_focus/final/Model1807//train/No_Artifacts/C3-KID8_R22_S1_KID8_DAPI_7872_9840.tiff
208,25.250963,-6.4802284,No_Artifact,/mnt/data/QC_raw_images/Madhavi/Out_of_focus/final/Model1807//train/No_Artifacts/C3-KID8_R22_S1_KID8_DAPI_7872_9348.tiff
209,24.61641,-7.1084895,No_Artifact,/mnt/data/QC_raw_images/Madhavi/Out_of_focus/final/Model1807//train/No_Artifacts/C3-KID8_R22_S1_KID8_DAPI_7872_5904.tiff
210,22.730513,-6.062465,No_Artifact,/mnt/data/QC_raw_images/Madhavi/Out_of_focus/final/Model1807//train/No_Artifacts/C3-KID8_R22_S1_KID8_DAPI_7872_5412.tiff
211,36.994972,-1.611583,No_Artifact,/mnt/data/QC_raw_images/Madhavi/Out_of_focus/final/Model1807//train/No_Artifacts/C3-KID8_R22_S1_KID8_DAPI_7872_4920.tiff
212,31.246183,-4.1447716,No_Artifact,/mnt/data/QC_raw_images/Madhavi/Out_of_focus/final/Model1807//train/No_Artifacts/C3-KID8_R22_S1_KID8_DAPI_7872_4428.tiff
213,31.742058,-4.003093,No_Artifact,/mnt/data/QC_raw_images/Madhavi/Out_of_focus/final/Model1807//train/No_Artifacts/C3-KID8_R22_S1_KID8_DAPI_7872_3936.tiff
214,20.70438,-7.7930765,No_Artifact,/mnt/data/QC_raw_images/Madhavi/Out_of_focus/final/Model1807//train/No_Artifacts/C3-KID8_R22_S1_KID8_DAPI_7380_13284.tiff
215,34.12954,-2.1253347,No_Artifact,/mnt/data/QC_raw_images/Madhavi/Out_of_focus/final/Model1807//train/No_Artifacts/C3-KID8_R22_S1_KID8_DAPI_7380_12792.tiff
216,34.38352,-2.6914032,No_Artifact,/mnt/data/QC_raw_images/Madhavi/Out_of_focus/final/Model1807//train/No_Artifacts/C3-KID8_R22_S1_KID8_DAPI_7380_12300.tiff
217,28.528519,-3.585668,No_Artifact,/mnt/data/QC_raw_images/Madhavi/Out_of_focus/final/Model1807//train/No_Artifacts/C3-KID8_R22_S1_KID8_DAPI_7380_11808.tiff
218,25.756147,-5.3814545,No_Artifact,/mnt/data/QC_raw_images/Madhavi/Out_of_focus/final/Model1807//train/No_Artifacts/C3-KID8_R22_S1_KID8_DAPI_7380_11316.tiff
219,15.803095,-7.7684436,No_Artifact,/mnt/data/QC_raw_images/Madhavi/Out_of_focus/final/Model1807//train/No_Artifacts/C3-KID8_R22_S1_KID8_DAPI_7380_10824.tiff
220,28.472528,-1.8013158,No_Artifact,/mnt/data/QC_raw_images/Madhavi/Out_of_focus/final/Model1807//train/No_Artifacts/C3-KID8_R22_S1_KID8_DAPI_7380_10332.tiff
221,29.981026,-4.364722,No_Artifact,/mnt/data/QC_raw_images/Madhavi/Out_of_focus/final/Model1807//train/No_Artifacts/C3-KID8_R22_S1_KID8_DAPI_7380_9840.tiff
222,25.663462,-6.504512,No_Artifact,/mnt/data/QC_raw_images/Madhavi/Out_of_focus/final/Model1807//train/No_Artifacts/C3-KID8_R22_S1_KID8_DAPI_7380_9348.tiff
223,30.960047,-4.7702336,No_Artifact,/mnt/data/QC_raw_images/Madhavi/Out_of_focus/final/Model1807//train/No_Artifacts/C3-KID8_R22_S1_KID8_DAPI_7380_5412.tiff
224,24.009811,-5.3955255,No_Artifact,/mnt/data/QC_raw_images/Madhavi/Out_of_focus/final/Model1807//train/No_Artifacts/C3-KID8_R22_S1_KID8_DAPI_7380_4920.tiff
225,30.17119,-7.255582,No_Artifact,/mnt/data/QC_raw_images/Madhavi/Out_of_focus/final/Model1807//train/No_Artifacts/C3-KID8_R22_S1_KID8_DAPI_7380_4428.tiff
226,29.47482,-6.861743,No_Artifact,/mnt/data/QC_raw_images/Madhavi/Out_of_focus/final/Model1807//train/No_Artifacts/C3-KID8_R22_S1_KID8_DAPI_7380_3936.tiff
227,33.248753,-3.9466581,No_Artifact,/mnt/data/QC_raw_images/Madhavi/Out_of_focus/final/Model1807//train/No_Artifacts/C3-KID8_R22_S1_KID8_DAPI_7380_3444.tiff
